name,email,gender
Åsa,moblein0@sbwire.com,Male
Bérengère,rbraidwood1@about.me,Genderqueer
Örjan,lworsham2@histats.com,Non-binary
Mà,agaitone3@wp.com,Female
Örjan,sbarnson4@go.com,Male
Edmée,adowbekin5@pinterest.com,Female
Daphnée,khulke6@uiuc.edu,Female
Garçon,rdayton7@woothemes.com,Agender
Andréanne,hnore8@last.fm,Male
Mà,zwhenman9@jigsy.com,Male
Aloïs,kscranedgea@flavors.me,Male
Intéressant,acallisb@drupal.org,Male
Hélène,aaveryc@stanford.edu,Female
Intéressant,glantiffd@nyu.edu,Male
Märta,pblaydese@ucsd.edu,Female
Anaïs,bhatonf@bbc.co.uk,Bigender
Océanne,dminettg@forbes.com,Male
Léa,dmattheeuwh@bloomberg.com,Female
Zoé,tmacgrathi@ucoz.ru,Male
Edmée,lcroydenj@booking.com,Male
Bérénice,gseveryk@icq.com,Female
Ruì,schaplingl@ucsd.edu,Female
Sòng,bocuddiem@accuweather.com,Female
Clélia,bsyern@unblog.fr,Male
Garçon,vsharvello@stumbleupon.com,Female
Pélagie,rferryp@over-blog.com,Male
Adélaïde,vfeirnq@eepurl.com,Male
Lucrèce,crobardleyr@cyberchimps.com,Female
Eloïse,croonys@psu.edu,Male
Maïwenn,ruphamt@mozilla.com,Male
Noémie,statemu@abc.net.au,Male
Lucrèce,scromptonv@dmoz.org,Male
Mélia,bpeponw@opensource.org,Female
Séverine,owhaphamx@sphinn.com,Female
Thérèsa,hharberty@npr.org,Female
Intéressant,kotteridgez@usatoday.com,Female
Eugénie,tklais10@google.ca,Female
Audréanne,fjacson11@purevolume.com,Female
Michèle,rfoli12@princeton.edu,Female
Noëlla,schittim13@infoseek.co.jp,Male
Lài,mniblo14@cpanel.net,Female
Mégane,bking15@buzzfeed.com,Male
André,sbaxstare16@paginegialle.it,Female
Félicie,bminto17@google.it,Female
Styrbjörn,alamartine18@bloglines.com,Male
Marie-ève,djaycox19@123-reg.co.uk,Male
Réservés,jmcwilliams1a@weebly.com,Female
Léonie,dscalera1b@fc2.com,Male
Almérinda,blidster1c@sohu.com,Male
Lài,emaccartan1d@pinterest.com,Male
Lorène,alefley1e@yolasite.com,Male
Esbjörn,bleagas1f@icio.us,Female
Håkan,ubullingham1g@cyberchimps.com,Female
Kù,areinert1h@intel.com,Male
Dorothée,hmacririe1i@census.gov,Female
Mélissandre,jterrell1j@about.me,Genderfluid
Kallisté,imcorkil1k@myspace.com,Female
Styrbjörn,llynagh1l@weebly.com,Female
Dà,htomalin1m@t.co,Male
Marie-hélène,eaffleck1n@hhs.gov,Male
Mélissandre,mmargaret1o@live.com,Female
Kallisté,czielinski1p@yale.edu,Female
Anaël,etruwert1q@java.com,Female
Märta,mkornas1r@tuttocitta.it,Female
Véronique,ecrichmer1s@illinois.edu,Male
Lén,jbeddoe1t@oaic.gov.au,Male
Danièle,bpridie1u@hostgator.com,Male
Björn,wdysart1v@cloudflare.com,Male
Vénus,vness1w@nbcnews.com,Female
Dà,owoodroof1x@chicagotribune.com,Polygender
Andrée,nmccambridge1y@about.me,Female
Hélèna,dgregr1z@salon.com,Female
Valérie,cservis20@list-manage.com,Female
Michèle,jcarleton21@infoseek.co.jp,Female
Adélaïde,dholyland22@gnu.org,Polygender
Angèle,jmaskrey23@google.co.uk,Female
Maëly,candries24@wunderground.com,Female
Lorène,kjehaes25@moonfruit.com,Agender
Joséphine,fdowne26@opera.com,Female
Intéressant,eandrioli27@ebay.co.uk,Female
Crééz,ccumberledge28@cocolog-nifty.com,Male
Océane,scattemull29@oaic.gov.au,Male
Garçon,chacking2a@linkedin.com,Polygender
Bécassine,jbaszkiewicz2b@istockphoto.com,Female
Loïca,slefeaver2c@nymag.com,Female
Maïlis,slightwing2d@usgs.gov,Male
Marylène,llamplough2e@apache.org,Male
Maëlys,rengeham2f@skype.com,Polygender
Léa,rsabbatier2g@army.mil,Female
Eléa,hteather2h@artisteer.com,Male
Léonore,dcalway2i@spotify.com,Male
Cléopatre,fmoth2j@arstechnica.com,Female
Mégane,eronayne2k@disqus.com,Male
Pélagie,dsabathe2l@howstuffworks.com,Female
Björn,tsearby2m@guardian.co.uk,Female
Lauréna,ogoggins2n@github.com,Male
Kù,jdann2o@xing.com,Male
Clélia,hglasgow2p@bloglines.com,Male
Personnalisée,nanyene2q@hibu.com,Male
Hélèna,imillward2r@goodreads.com,Male
Björn,pskowcraft2s@salon.com,Female
Åke,hrissom2t@economist.com,Male
Danièle,cgrigorushkin2u@cafepress.com,Bigender
Béatrice,jgrundey2v@arstechnica.com,Bigender
Liè,llydiard2w@pen.io,Female
Ruì,pdemougeot2x@bravesites.com,Male
Inès,pfarbrace2y@oracle.com,Female
Mélia,ssoar2z@sbwire.com,Male
Noëlla,ltrayhorn30@networksolutions.com,Female
Almérinda,bion31@bigcartel.com,Female
Publicité,isomerbell32@elpais.com,Female
Athéna,kpegg33@istockphoto.com,Male
Cécilia,bzotto34@bloglovin.com,Male
Maëly,arings35@csmonitor.com,Male
Desirée,moneill36@cpanel.net,Male
Irène,ltivnan37@free.fr,Male
Faîtes,lshellard38@nih.gov,Female
Gérald,ccrayk39@businesswire.com,Female
Marie-ève,gnewgrosh3a@nifty.com,Male
Faîtes,rclemenceau3b@theglobeandmail.com,Female
Uò,ebachnic3c@toplist.cz,Agender
Eléonore,cespley3d@epa.gov,Male
Michèle,worford3e@unc.edu,Male
Estève,afaraday3f@techcrunch.com,Female
Desirée,bmcimmie3g@sitemeter.com,Male
Valérie,amoresby3h@tuttocitta.it,Male
Valérie,gjeppensen3i@alibaba.com,Female
Åsa,dclohissy3j@rakuten.co.jp,Female
Angèle,ksindell3k@themeforest.net,Genderqueer
Maïwenn,stuerena3l@cornell.edu,Female
Gérald,rhallt3m@mac.com,Bigender
Marie-josée,nmowle3n@alibaba.com,Genderqueer
Mà,byatman3o@pbs.org,Male
Salomé,edaysh3p@eepurl.com,Female
Zoé,zdenham3q@vimeo.com,Female
Anaïs,rwiddop3r@abc.net.au,Female
Gisèle,csimmonite3s@phoca.cz,Male
Solène,erowbury3t@blinklist.com,Female
Lài,mcarne3u@cargocollective.com,Male
Daphnée,lgreally3v@bloglines.com,Male
Maï,sallsop3w@sakura.ne.jp,Bigender
Andréa,xblewmen3x@ameblo.jp,Female
Andrée,habramcik3y@vk.com,Male
Anaé,cmilesap3z@psu.edu,Female
Méryl,mick40@telegraph.co.uk,Female
Naëlle,kchristoffe41@clickbank.net,Male
Cécilia,cpaty42@topsy.com,Female
Hélène,hsanney43@opensource.org,Genderqueer
Anaël,apearcey44@nih.gov,Female
Aloïs,tshinfield45@nba.com,Male
Uò,kaldrick46@nih.gov,Male
Inès,lleil47@wsj.com,Female
Lóng,rarlett48@wix.com,Male
Salomé,crosenstein49@is.gd,Polygender
Mégane,enarramore4a@illinois.edu,Genderqueer
Simplifiés,lmooreed4b@sitemeter.com,Female
Gösta,ltuffin4c@nhs.uk,Male
Joséphine,abartkiewicz4d@cafepress.com,Female
Gwenaëlle,lciccarello4e@mozilla.org,Male
Mélys,jproger4f@blogspot.com,Female
Bénédicte,aatkinson4g@shutterfly.com,Female
Maïly,pcaldroni4h@histats.com,Female
Garçon,bcrosher4i@state.tx.us,Female
Béatrice,slundbech4j@myspace.com,Female
Mélanie,ebeller4k@weibo.com,Male
Marie-hélène,ytraite4l@shinystat.com,Male
Aloïs,ccustard4m@hp.com,Female
Håkan,orizzelli4n@engadget.com,Female
Lóng,hheale4o@creativecommons.org,Male
Maïwenn,tbettley4p@icio.us,Female
Maïly,nkirgan4q@webnode.com,Male
Dafnée,cwilmington4r@spiegel.de,Polygender
Kuí,cfearnehough4s@timesonline.co.uk,Male
Esbjörn,adevil4t@ucsd.edu,Genderfluid
Håkan,edradey4u@wikipedia.org,Female
Méryl,bloddy4v@blogspot.com,Female
Maëlys,mantonnikov4w@samsung.com,Female
Estée,orudolfer4x@slashdot.org,Male
Athéna,gkinvig4y@goo.ne.jp,Female
Clémentine,mspurrier4z@geocities.jp,Genderqueer
Andrée,kkroin50@linkedin.com,Male
Fèi,rswidenbank51@sitemeter.com,Female
Kù,ltalby52@taobao.com,Female
Mélodie,mforsdike53@creativecommons.org,Male
Gaïa,gphilips54@psu.edu,Female
Adélaïde,gsimenot55@archive.org,Male
Inès,wpea56@nih.gov,Female
Léone,jcorston57@last.fm,Bigender
Judicaël,mgiannotti58@opera.com,Male
Lauréna,bfarnes59@ebay.com,Female
Gaëlle,mpundy5a@dot.gov,Female
Clélia,rgorusso5b@geocities.jp,Male
Océanne,awardroper5c@baidu.com,Male
Eugénie,gcartmail5d@is.gd,Female
Pénélope,mphilippe5e@mapy.cz,Male
Daphnée,fkenion5f@msu.edu,Male
Torbjörn,jfawdrey5g@t.co,Female
Joséphine,ncallard5h@ucla.edu,Female
Uò,ljirick5i@facebook.com,Non-binary
Liè,dpimlett5j@multiply.com,Genderfluid
Tán,ecard5k@bloglovin.com,Genderfluid
Nuó,gdyball5l@sina.com.cn,Female
Andréa,gjerratsch5m@fotki.com,Female
Lyséa,akiln5n@barnesandnoble.com,Female
Cloé,rfolbig5o@tinyurl.com,Female
Danièle,lunstead5p@paypal.com,Male
Léana,nmoreman5q@meetup.com,Female
Clémence,khughf5r@accuweather.com,Bigender
Méghane,storricella5s@mayoclinic.com,Male
Rébecca,fchatten5t@google.com.hk,Male
Lén,akacheller5u@salon.com,Male
Clélia,imarkl5v@state.gov,Female
Lóng,jbutterworth5w@chronoengine.com,Male
Börje,evenour5x@eventbrite.com,Agender
Maëline,dbradick5y@devhub.com,Female
Tú,cthreadgold5z@state.gov,Male
Hélène,ftackley60@usgs.gov,Female
Lóng,swhitehead61@cargocollective.com,Female
Kallisté,skerman62@paypal.com,Agender
Méline,katchly63@wordpress.com,Female
Östen,bmaginot64@kickstarter.com,Female
Eliès,pkemson65@omniture.com,Female
Audréanne,brudkin66@mysql.com,Female
Kallisté,ocallinan67@sina.com.cn,Male
Audréanne,ngodlip68@homestead.com,Female
Géraldine,csalatino69@nyu.edu,Agender
Michèle,otwinbourne6a@google.cn,Female
Pål,eluckin6b@indiegogo.com,Male
Frédérique,adron6c@house.gov,Female
Nadège,pkinnar6d@twitpic.com,Female
Åke,wkelwaybamber6e@gnu.org,Male
Ruì,cbigland6f@themeforest.net,Female
Ráo,tconnechie6g@hhs.gov,Male
Léana,bhause6h@house.gov,Male
Thérèsa,abatram6i@go.com,Female
Adélaïde,kstronge6j@goo.gl,Male
Pénélope,casp6k@free.fr,Agender
Eugénie,ndewhirst6l@who.int,Female
Kallisté,ebelfrage6m@wired.com,Female
Célestine,eigounet6n@artisteer.com,Male
Maëline,kmeatcher6o@chronoengine.com,Female
Åsa,cturgoose6p@netlog.com,Male
Gwenaëlle,jmaxsted6q@ezinearticles.com,Male
Médiamass,hdislee6r@digg.com,Female
Åke,schace6s@php.net,Female
Annotée,rkerin6t@instagram.com,Female
Salomé,bfeaster6u@prweb.com,Male
Magdalène,bchmiel6v@nih.gov,Genderfluid
Adélaïde,druppele6w@ustream.tv,Male
Estève,mheliot6x@tumblr.com,Male
Daphnée,dcampaigne6y@sitemeter.com,Female
Aimée,jprophet6z@cafepress.com,Female
Mélodie,rfaulconer70@uol.com.br,Male
Marie-thérèse,labrahamian71@webnode.com,Female
Dà,jslevin72@ft.com,Female
Faîtes,rcridlon73@nymag.com,Male
Angèle,rbolt74@nifty.com,Female
Cinéma,bcaraher75@google.com.au,Female
Salomé,pkanter76@google.com.au,Male
Judicaël,mboot77@omniture.com,Female
Athéna,iewbanck78@ucla.edu,Female
Amélie,ttrathan79@nbcnews.com,Female
Clémentine,mmacguffie7a@nyu.edu,Female
Almérinda,hbegwell7b@miitbeian.gov.cn,Female
Marylène,aflucker7c@ibm.com,Male
Aurélie,cbudnik7d@ustream.tv,Female
Joséphine,mfaier7e@seattletimes.com,Female
Ruì,cgrimley7f@deviantart.com,Female
Åke,atessyman7g@apache.org,Male
Yóu,bvirgoe7h@etsy.com,Female
Styrbjörn,jnuccii7i@taobao.com,Female
Céline,tcrickmore7j@storify.com,Agender
Marie-françoise,zyurchishin7k@xrea.com,Female
Béatrice,acotelard7l@wikia.com,Male
Médiamass,dhounsom7m@sciencedaily.com,Male
Adélie,wwhistlecraft7n@bluehost.com,Female
Méghane,ihaddleston7o@gravatar.com,Non-binary
Maëly,lkellert7p@hp.com,Male
Marie-ève,hbowyer7q@economist.com,Male
Yóu,elage7r@usatoday.com,Male
Gaétane,mskace7s@gov.uk,Female
Magdalène,gloughton7t@canalblog.com,Male
Zhì,mbrill7u@jiathis.com,Female
Zhì,abillin7v@economist.com,Female
Judicaël,haxelbee7w@barnesandnoble.com,Female
Méthode,growe7x@digg.com,Genderqueer
Dorothée,nhutfield7y@bing.com,Male
Léandre,tkohtler7z@webs.com,Male
Solène,rbrogden80@bluehost.com,Female
Pål,rohern81@people.com.cn,Female
Pélagie,tkilbourn82@youtu.be,Female
Léa,rtaggert83@discovery.com,Genderqueer
Marie-thérèse,gedmondson84@istockphoto.com,Male
Pål,mwharton85@webeden.co.uk,Female
Publicité,avoisey86@twitter.com,Female
Ophélie,rfellgate87@feedburner.com,Female
Publicité,jcalveley88@wufoo.com,Male
Görel,rgaythor89@cisco.com,Genderfluid
Marylène,mhartly8a@symantec.com,Female
Réjane,mlegging8b@oracle.com,Female
Nadège,astickles8c@tinyurl.com,Female
Yóu,esaiens8d@clickbank.net,Male
Wá,mbuzzing8e@bizjournals.com,Female
Pélagie,ymarshal8f@usatoday.com,Male
Méline,djacobson8g@oracle.com,Male
Marie-josée,smatantsev8h@google.com.au,Male
Mégane,ronowlan8i@cisco.com,Female
Yú,cainscough8j@icq.com,Male
Åsa,vpetrescu8k@stanford.edu,Female
Dù,fwarbrick8l@1und1.de,Male
Anaé,dhefferan8m@walmart.com,Male
Gisèle,wgallafant8n@wisc.edu,Male
Görel,tdoel8o@weebly.com,Female
Naéva,aallport8p@berkeley.edu,Male
Bérengère,showton8q@so-net.ne.jp,Male
Nuó,asummerly8r@nifty.com,Female
Estée,mhurling8s@tinyurl.com,Male
Gaëlle,mreignould8t@stanford.edu,Male
Dù,sshinfield8u@networkadvertising.org,Male
Maéna,rtritten8v@dion.ne.jp,Female
Görel,mbaynard8w@tinyurl.com,Male
Ráo,pvears8x@twitpic.com,Male
Véronique,fbrunelleschi8y@yellowbook.com,Male
Illustrée,mroberto8z@github.com,Agender
Åsa,nsallnow90@paginegialle.it,Male
Nadège,csepey91@w3.org,Male
Tán,dtodman92@alexa.com,Female
Marie-françoise,zelcocks93@unc.edu,Female
Lài,jangear94@flavors.me,Female
Loïca,gvella95@tinyurl.com,Female
Hélèna,sheatly96@photobucket.com,Female
Angélique,nlamprecht97@yelp.com,Female
Géraldine,sburgott98@plala.or.jp,Female
Marylène,cfeare99@mayoclinic.com,Male
Rébecca,mdomke9a@cbsnews.com,Agender
Eléonore,cmcallister9b@gov.uk,Male
Mélissandre,abeatey9c@homestead.com,Male
Pélagie,esloam9d@cpanel.net,Female
Mélissandre,gseifenmacher9e@comcast.net,Agender
Yè,wlynock9f@theatlantic.com,Female
Léonore,tmcdonell9g@posterous.com,Male
Méghane,hkenelin9h@blogspot.com,Male
Aí,edegregario9i@noaa.gov,Female
Stévina,lhallas9j@booking.com,Male
Håkan,kdurram9k@army.mil,Female
Östen,lellit9l@mysql.com,Female
Håkan,akubec9m@phoca.cz,Female
Uò,trosengarten9n@wikipedia.org,Non-binary
Irène,cgooden9o@simplemachines.org,Male
Clélia,dcattermull9p@netscape.com,Polygender
Aí,fhousbey9q@businessinsider.com,Female
Solène,wdyers9r@nymag.com,Female
Kévina,lcradock9s@lulu.com,Male
Marie-ève,oviggers9t@newsvine.com,Male
Maëlla,dhutchinson9u@yelp.com,Male
Mà,pletterese9v@about.me,Female
Sòng,csliman9w@ucoz.ru,Polygender
Lài,wmacmenemy9x@amazon.co.uk,Female
Inès,splail9y@webeden.co.uk,Male
Cécile,jnagle9z@dyndns.org,Female
Intéressant,mbelvarda0@toplist.cz,Female
Magdalène,mmeiera1@typepad.com,Male
Félicie,fshilitoa2@tiny.cc,Polygender
Alizée,mgarletta3@macromedia.com,Female
Naëlle,dflewa4@stanford.edu,Agender
Rachèle,emcallistera5@google.ca,Genderqueer
Ruò,iblewisa6@cnn.com,Male
Léane,libbetta7@mozilla.com,Non-binary
Bérénice,gottawella8@apple.com,Male
Simplifiés,cvamplersa9@bizjournals.com,Male
Maïlis,mlacosteaa@phpbb.com,Male
Dafnée,cscottiniab@cnet.com,Male
Magdalène,mpenderedac@freewebs.com,Male
Aí,scleevesad@globo.com,Male
Marlène,fpashleyae@theguardian.com,Female
Göran,kharroldaf@loc.gov,Male
Léa,aandreolettiag@devhub.com,Female
Maëlann,bphilotah@pbs.org,Male
Gérald,modegaardai@gravatar.com,Female
Maëlys,cliepinsaj@state.tx.us,Non-binary
Naëlle,sgiovannelliak@facebook.com,Female
Liè,shostonal@studiopress.com,Female
Esbjörn,bczajkowskiam@netscape.com,Male
Nélie,tmiliffean@usda.gov,Bigender
Fèi,chammertonao@kickstarter.com,Female
Judicaël,nmavingap@zimbio.com,Female
Yè,plewinsaq@umich.edu,Male
Bérénice,kdorrear@tripod.com,Female
Cloé,padkinas@drupal.org,Female
Vérane,kfarishat@msu.edu,Agender
Gisèle,lmclleeseau@xrea.com,Male
Mylène,hgalpinav@ft.com,Male
Clémentine,trogeonaw@angelfire.com,Male
Marie-josée,ngebbax@illinois.edu,Female
Maëlla,ebilsforday@yelp.com,Female
Åke,abartocciaz@seattletimes.com,Male
Médiamass,hbumfordb0@altervista.org,Male
Almérinda,rscamblerb1@theglobeandmail.com,Male
Mélys,fchaferb2@scientificamerican.com,Female
Esbjörn,rpavekb3@mail.ru,Female
Garçon,rclacksonb4@fastcompany.com,Female
Véronique,glacotteb5@amazon.com,Female
Mà,gtuckleyb6@google.de,Male
Nadège,dlightb7@shareasale.com,Genderfluid
Kù,amatussovb8@w3.org,Male
Athéna,opoteb9@biglobe.ne.jp,Female
Mélissandre,ctradewellba@simplemachines.org,Male
Táng,gsetonbb@blogspot.com,Male
Séréna,cmedlerbc@com.com,Male
Léa,rsutheringtonbd@deliciousdays.com,Male
Annotés,jschimmangbe@nifty.com,Female
Faîtes,zmeagherbf@toplist.cz,Female
Personnalisée,eburtwellbg@telegraph.co.uk,Male
Réjane,naimablebh@lycos.com,Female
Naëlle,fstredderbi@technorati.com,Female
Dafnée,scampanybj@flavors.me,Male
Intéressant,gboweringbk@bloglines.com,Male
Gaétane,mcannavanbl@infoseek.co.jp,Female
Laïla,hlyffebm@hc360.com,Female
Ophélie,ccamierbn@umn.edu,Female
Léonore,oburnbo@rakuten.co.jp,Male
Naëlle,cjanaszkiewiczbp@disqus.com,Male
Réjane,bhamshawbq@sun.com,Female
Cloé,bhargrevesbr@gov.uk,Female
Bérangère,rterbruggenbs@sfgate.com,Male
Gaëlle,dbarleybt@is.gd,Male
Méthode,jhardybu@aol.com,Female
Loïs,vablesonbv@yellowbook.com,Female
Mårten,vdixceebw@independent.co.uk,Female
Börje,wcharettebx@pcworld.com,Bigender
Marie-ève,dblaymiresby@altervista.org,Male
Eliès,aphettebz@ning.com,Male
Illustrée,jcurnnokc0@4shared.com,Polygender
Réservés,aneweyc1@bandcamp.com,Male
Torbjörn,lhandrockc2@furl.net,Male
Cécilia,ffrydc3@webeden.co.uk,Female
Rébecca,plinnemanc4@myspace.com,Female
Méryl,gtryec5@plala.or.jp,Male
Loïs,tbanfordc6@pcworld.com,Female
Dorothée,ccopelloc7@ycombinator.com,Female
Táng,cpendockc8@intel.com,Male
Mélissandre,mgullenc9@photobucket.com,Female
Léone,cpaurca@opensource.org,Female
Méthode,bnayercb@imgur.com,Female
Uò,saccombcc@ehow.com,Male
Sòng,mparrcd@comcast.net,Male
Léone,kmccritichiece@msu.edu,Female
Lèi,gbarkercf@miitbeian.gov.cn,Male
Naëlle,vshillscg@tripod.com,Bigender
Maëlle,ckingsnodech@berkeley.edu,Male
Görel,acowtherdci@twitter.com,Male
Marie-hélène,kvautincj@livejournal.com,Female
Andrée,msellackck@icio.us,Female
Laïla,rredmaynecl@yandex.ru,Female
Maïwenn,crochellecm@dot.gov,Female
Liè,vleupoldcn@joomla.org,Female
Kuí,rhuggillco@edublogs.org,Male
Néhémie,jklebescp@arstechnica.com,Male
Léandre,agaytercq@edublogs.org,Male
Mårten,bmcquodecr@etsy.com,Polygender
Cinéma,sgilfoylecs@bing.com,Female
Personnalisée,msenoglesct@purevolume.com,Female
Göran,acuredellcu@accuweather.com,Female
Laurène,hmacilorycv@pen.io,Male
Estève,tmcculloughcw@dailymail.co.uk,Female
Mélys,jrisbycx@loc.gov,Female
Andréa,mgerholdcy@slideshare.net,Male
Anaé,aquartermaincz@slashdot.org,Female
Åsa,barsmithd0@technorati.com,Female
Alizée,cfendd1@addthis.com,Female
Bérengère,tdyasd2@merriam-webster.com,Female
Gisèle,hneighbourd3@yahoo.co.jp,Male
Bérangère,cklimentyevd4@webeden.co.uk,Male
Léonore,rgianullod5@kickstarter.com,Male
Géraldine,jnored6@vk.com,Male
Kù,ewintersgilld7@businessweek.com,Female
Gaïa,alowseleyd8@jigsy.com,Male
Adèle,zbeardsalld9@hud.gov,Male
Vérane,ejacqueminotda@sbwire.com,Female
Garçon,wdictydb@comcast.net,Male
Kù,jdreakindc@cdc.gov,Male
Véronique,mcadelldd@goodreads.com,Female
Ráo,minksterde@joomla.org,Male
Rébecca,tleslydf@people.com.cn,Polygender
Marie-josée,bgossagedg@apple.com,Female
Börje,mleysondh@usda.gov,Male
Médiamass,cbrookbankdi@census.gov,Non-binary
Bérangère,ggoodenoughdj@irs.gov,Female
Jú,msclandersdk@imageshack.us,Male
Åsa,groathdl@ow.ly,Female
Bénédicte,dhunedm@chicagotribune.com,Bigender
Marylène,htorbeckdn@google.es,Male
Camélia,mmacdunleavydo@earthlink.net,Bigender
Lén,sslarkedp@yandex.ru,Male
Jú,llomanseydq@mtv.com,Male
Agnès,tkeyserdr@mashable.com,Female
Salomé,bhiseds@go.com,Male
Gaïa,lsturneydt@yelp.com,Non-binary
Léone,gberlingdu@house.gov,Female
Miléna,ppotkindv@theatlantic.com,Female
Inès,askentelburydw@sciencedaily.com,Female
Méryl,severilldx@cdbaby.com,Polygender
Anaïs,cdisleydy@ox.ac.uk,Agender
Léone,gfellsdz@npr.org,Male
Thérèsa,hramseye0@a8.net,Female
Marie-josée,sgreenrdee1@altervista.org,Female
Lài,hdallmanne2@illinois.edu,Female
Mélissandre,agayee3@wp.com,Female
Judicaël,atarburne4@ycombinator.com,Female
Gaétane,bshaxbye5@arstechnica.com,Female
Géraldine,cogdahle6@tinyurl.com,Male
Gisèle,gcornillote7@free.fr,Male
Séverine,tpeplaye8@facebook.com,Male
Célia,mburmane9@1688.com,Female
Laurène,mallsopea@myspace.com,Female
Torbjörn,hreusseb@wikimedia.org,Female
Angélique,hbeebisec@cisco.com,Female
Thérèsa,ccrutchfielded@dropbox.com,Male
Josée,bspadazziee@independent.co.uk,Female
Noémie,ibrumbleef@hud.gov,Female
Andréa,efairebrothereg@umn.edu,Female
Styrbjörn,smyrtleeh@nationalgeographic.com,Male
Inès,jyexleyei@ca.gov,Polygender
Åke,vdearleej@zimbio.com,Female
Eugénie,mhuetek@zdnet.com,Female
Lèi,pwisdomel@hubpages.com,Female
Maëly,soldredem@soundcloud.com,Female
Desirée,hlarbyen@slashdot.org,Female
Göran,tdanielkiewiczeo@reuters.com,Female
Kévina,cskullep@wunderground.com,Male
Loïca,mrousselleq@latimes.com,Polygender
Maëly,kdobeyer@ft.com,Polygender
Cléopatre,gsunnerses@mapquest.com,Polygender
Maëlyss,bmatkovicet@blogspot.com,Male
Garçon,gcrookeeu@163.com,Female
Yè,smifflinev@deliciousdays.com,Male
Mà,dcloonanew@reddit.com,Male
Anaëlle,gvaggesex@youtube.com,Male
Maïlis,cgarforthey@about.com,Male
Kù,tpevsnerez@ucsd.edu,Female
Eliès,lcherryf0@buzzfeed.com,Female
Lauréna,singrayf1@blogspot.com,Male
Cinéma,slezemeref2@wikipedia.org,Male
Maï,scockshotf3@timesonline.co.uk,Male
Adèle,bkarbyf4@example.com,Male
Chloé,dchalmersf5@bandcamp.com,Male
Yú,aduckerinf6@mac.com,Polygender
Lucrèce,langrockf7@wikia.com,Female
Yè,gshergoldf8@imgur.com,Male
Séverine,bkillcrossf9@hatena.ne.jp,Male
André,bargentefa@lycos.com,Female
Erwéi,emanvellfb@nydailynews.com,Male
Gisèle,awildinfc@fc2.com,Female
Miléna,dredittfd@boston.com,Female
Clémentine,blauxfe@marriott.com,Female
Gösta,mpascallff@hatena.ne.jp,Male
Mélinda,fkilmaryfg@pcworld.com,Polygender
Loïc,rlebretonfh@ow.ly,Male
Angèle,mduchennefi@histats.com,Male
Zoé,hdumperfj@cmu.edu,Female
Styrbjörn,aangoodfk@hubpages.com,Female
Görel,ppesslerfl@toplist.cz,Male
André,nhawgoodfm@privacy.gov.au,Male
Börje,ahazeldeanfn@wired.com,Female
Estève,rwiddowsfo@go.com,Female
Aimée,alilbournefp@gov.uk,Female
Uò,scringlefq@squarespace.com,Female
Simplifiés,eboogfr@simplemachines.org,Female
Léana,htarneyfs@goo.ne.jp,Male
Véronique,mduffusft@soundcloud.com,Female
Céline,kcolliverfu@mapy.cz,Female
Mélissandre,zreicherzfv@webs.com,Male
Gösta,mborlandfw@ihg.com,Female
Gaëlle,sotsonfx@opera.com,Male
Desirée,bboritfy@disqus.com,Female
Maïly,rlaysonfz@uiuc.edu,Male
Åsa,mscarling0@shinystat.com,Female
Aloïs,hantonellig1@army.mil,Female
Célestine,sgoldwaterg2@bbc.co.uk,Male
Mélys,bcharretteg3@bloglovin.com,Female
Adélie,livanyushking4@storify.com,Male
Léana,tstudmang5@discuz.net,Male
Miléna,fspireg6@livejournal.com,Male
Clémentine,dspaxmang7@fema.gov,Female
Vérane,kparking8@yolasite.com,Female
Réservés,gfarloweg9@shop-pro.jp,Female
Fèi,etillardga@independent.co.uk,Male
Esbjörn,sdorangb@gmpg.org,Bigender
Jú,kdogertygc@wordpress.org,Male
Loïs,tsturneygd@i2i.jp,Female
Cléa,nfrainege@acquirethisname.com,Male
Edmée,kconochiegf@wisc.edu,Female
Andréa,bsabathegg@biblegateway.com,Female
Märta,gdedenhamgh@123-reg.co.uk,Female
Léonie,tgalifordgi@chronoengine.com,Male
Torbjörn,fovidgj@sbwire.com,Male
Nadège,aseggiegk@cdbaby.com,Female
Amélie,gbrigshawgl@msu.edu,Female
Angèle,cbaseliogm@wix.com,Female
Bécassine,alambolgn@51.la,Male
Illustrée,pfordego@sakura.ne.jp,Male
Cléopatre,sspurgp@sitemeter.com,Female
Åsa,csillisgq@hibu.com,Male
Mà,nommanneygr@fda.gov,Male
Edmée,gfredags@ihg.com,Non-binary
Sélène,mslocumbgt@surveymonkey.com,Male
Audréanne,wshovelingu@kickstarter.com,Male
Mylène,gsabbertongv@sakura.ne.jp,Female
Laurène,ejollyegw@un.org,Polygender
Jú,jsteelsgx@technorati.com,Female
Östen,fdysertgy@unc.edu,Male
Aurélie,cmarklundgz@china.com.cn,Male
Bérangère,kduerh0@slideshare.net,Female
Néhémie,bnobleh1@yolasite.com,Non-binary
Marie-thérèse,ghusbyh2@odnoklassniki.ru,Female
Mà,moaktonh3@clickbank.net,Female
Renée,alenehamh4@gmpg.org,Female
Garçon,acarneckh5@accuweather.com,Male
Bérénice,rmethuenh6@slashdot.org,Male
Adélaïde,zmacnameeh7@springer.com,Male
Josée,ccrumph8@exblog.jp,Male
Méline,mlonglandh9@mozilla.org,Female
Cécile,cwottonha@tmall.com,Polygender
Maëlle,cgodballhb@photobucket.com,Female
Eloïse,mtofanellihc@adobe.com,Male
Mélanie,kgrogerhd@apple.com,Male
Thérèse,simlinhe@shutterfly.com,Female
Laurélie,mbaggehf@china.com.cn,Male
Vénus,cmacpaikhg@google.pl,Female
André,ncollshh@weibo.com,Male
Andréanne,vogleviehi@hc360.com,Male
Bécassine,hhaggardhj@ameblo.jp,Male
Cunégonde,kkhrishtafovichhk@yolasite.com,Female
Kù,vrigbyhl@elpais.com,Male
Yáo,cvescovinihm@ocn.ne.jp,Female
Edmée,tthebehn@zimbio.com,Male
Maëlyss,ywillattho@ameblo.jp,Female
Angèle,rrubbenshp@dion.ne.jp,Bigender
Gaëlle,hbrennonhq@wired.com,Male
Maïlys,ibrandomhr@uiuc.edu,Female
Dà,gudellhs@thetimes.co.uk,Female
Léana,fjeppersonht@ovh.net,Female
Lèi,hclerkehu@github.com,Female
Cinéma,aponcefordhv@list-manage.com,Male
Thérèse,gfullardhw@dropbox.com,Female
Inès,creaditthx@cafepress.com,Male
Yè,wpaddellhy@theatlantic.com,Male
Léane,rlormanhz@usda.gov,Female
Inès,lsparksi0@amazon.com,Genderfluid
Bénédicte,aeatesi1@seesaa.net,Male
Clélia,aseveryi2@wikia.com,Male
Nélie,emoncreiffei3@cbc.ca,Male
Léane,ssoanei4@example.com,Female
Uò,mshelbornei5@gravatar.com,Male
Pénélope,kpeyesi6@google.es,Female
Gaëlle,lskatei7@istockphoto.com,Male
Miléna,wwassi8@china.com.cn,Male
Mahélie,mwhitehousei9@technorati.com,Male
Néhémie,esilvesteria@ebay.co.uk,Female
Marie-josée,cskyramib@hubpages.com,Male
Cécile,jcleverleyic@kickstarter.com,Female
Mégane,kcoweid@google.cn,Male
Maëlann,eclaussonie@nsw.gov.au,Male
Véronique,mgoodfelloweif@nationalgeographic.com,Genderfluid
Léone,ehanwayig@forbes.com,Genderqueer
Tán,ralhirsiih@dailymail.co.uk,Female
Michèle,cglozmanii@edublogs.org,Genderfluid
Néhémie,mstaddingij@artisteer.com,Female
Loïca,apresswellik@blogspot.com,Male
Táng,amacteagueil@devhub.com,Female
Åsa,kbownesim@desdev.cn,Male
Danièle,darchambaultin@walmart.com,Male
Bérangère,msendleyio@last.fm,Genderfluid
Bénédicte,tpearcyip@discuz.net,Male
Maëlle,sluceyiq@zimbio.com,Male
André,delstowir@baidu.com,Male
Almérinda,oszimonis@yolasite.com,Female
Estève,fstevaniit@vk.com,Female
Laurène,pjosipovitziu@icq.com,Agender
Léone,oseageiv@chron.com,Male
Annotée,bmcgregoriw@jugem.jp,Polygender
Annotés,ddahmelix@fotki.com,Female
Lèi,pbritneriy@ehow.com,Female
Irène,kmccereryiz@webeden.co.uk,Female
Médiamass,hcoulterj0@bloglines.com,Polygender
Lorène,clegallj1@cmu.edu,Female
Rébecca,fsomesj2@t-online.de,Female
Cinéma,cironsj3@oakley.com,Male
Östen,pleallj4@sitemeter.com,Male
Marie-noël,minnwoodj5@addthis.com,Male
Östen,ebrymnerj6@miitbeian.gov.cn,Genderqueer
Géraldine,ddomokosj7@abc.net.au,Male
Angélique,ldeliasj8@unicef.org,Male
Mélodie,btilsonj9@earthlink.net,Female
Pélagie,bteesdaleja@squarespace.com,Male
Lorène,wbartheletjb@archive.org,Female
Maï,ceastmentjc@flavors.me,Male
Dù,glangeleyjd@reference.com,Male
Séréna,eguidinije@sfgate.com,Male
Loïs,vcoveleyjf@columbia.edu,Male
Maëlyss,sgatleyjg@gizmodo.com,Female
Rébecca,jwoloschinjh@devhub.com,Female
Cloé,dlambinji@spiegel.de,Female
Mén,isheivelsjj@plala.or.jp,Polygender
Adélie,brenekejk@wunderground.com,Male
Eléonore,sbrownelljl@booking.com,Female
Laurélie,byaldenjm@posterous.com,Male
Eléonore,bsprouljn@nyu.edu,Male
Célestine,kingreyjo@issuu.com,Female
Mahélie,fcardillojp@twitpic.com,Female
Marylène,hdawltreyjq@sun.com,Male
Athéna,abiggerstaffjr@nps.gov,Female
Annotée,breefjs@howstuffworks.com,Genderqueer
Vénus,cpratenjt@surveymonkey.com,Male
Marie-josée,geagletonju@thetimes.co.uk,Male
Inès,mperrisjv@scientificamerican.com,Female
Yáo,pchartmanjw@wsj.com,Female
Ráo,ablinderjx@netscape.com,Male
Méline,wgavrieljy@sourceforge.net,Male
Kallisté,lsquibejz@cornell.edu,Female
Mà,kdunlapk0@google.es,Female
Mahélie,ajochananyk1@google.es,Male
Lauréna,hdoustk2@edublogs.org,Male
Dorothée,dbairnsfatherk3@yelp.com,Female
Marylène,chuygensk4@accuweather.com,Male
Amélie,lnailek5@unesco.org,Female
Maïlis,ewillimottk6@slideshare.net,Female
Wá,eparvink7@pcworld.com,Male
Thérèse,smeinsk8@51.la,Female
Célestine,amingayk9@bbc.co.uk,Female
Léone,cyanshonokka@wikispaces.com,Male
Léone,hschabenkb@ft.com,Female
Ráo,agostykekc@diigo.com,Male
Personnalisée,mnannkd@soup.io,Male
Ruì,ehoulahanke@histats.com,Female
Sòng,egendrichkf@forbes.com,Male
Léana,yenneverkg@squidoo.com,Female
Magdalène,rhennigerkh@github.io,Male
Nadège,ymouleki@e-recht24.de,Male
Anaëlle,mflinnkj@pbs.org,Male
Cunégonde,mruscoekk@fastcompany.com,Female
Gaëlle,evandevlieskl@instagram.com,Female
Vénus,aschoolingkm@shop-pro.jp,Female
Miléna,rdavinetkn@hexun.com,Female
Renée,sparfittko@usgs.gov,Male
Maéna,nmcfeatekp@go.com,Female
Publicité,kbramkq@desdev.cn,Male
Cléopatre,dvealekr@skype.com,Female
Wá,cgoaterks@baidu.com,Male
Publicité,itoplingkt@issuu.com,Male
Valérie,bdibdenku@vkontakte.ru,Female
Estève,milbertkv@w3.org,Female
Frédérique,lcrasfordkw@admin.ch,Female
Gaëlle,sjosselkx@sitemeter.com,Male
Méline,cchalfontky@slate.com,Female
Dù,cgreallykz@mtv.com,Female
Eléa,tisherwoodl0@macromedia.com,Male
Yénora,nbloxsuml1@360.cn,Female
Börje,hkellewayl2@xing.com,Female
Pélagie,hzanussiil3@ask.com,Male
Gösta,tgaugel4@jugem.jp,Male
Bénédicte,ifeldbrinl5@pbs.org,Male
Clémence,pjovisl6@youtube.com,Female
Liè,grobardetl7@gravatar.com,Female
Eliès,grunnaclesl8@china.com.cn,Male
Gérald,lcalveyl9@freewebs.com,Female
Eléa,gtafanila@hostgator.com,Female
Gaëlle,kkuhnwaldlb@webmd.com,Male
Mégane,cdurstonlc@uiuc.edu,Male
Méline,plowdesld@unesco.org,Agender
Irène,anortunenle@free.fr,Male
Miléna,jelieslf@tripadvisor.com,Male
Pål,ereschkelg@chicagotribune.com,Female
Maïlys,kdisneylh@tripod.com,Female
Renée,mmeahli@1688.com,Male
Réservés,kfoanlj@cpanel.net,Male
Véronique,rmenhcilk@angelfire.com,Male
Agnès,mstallworthll@wordpress.org,Male
Andrée,mmartinuzzilm@blogspot.com,Male
Esbjörn,hiamittiiln@wikipedia.org,Male
Agnès,cperringtonlo@bravesites.com,Male
Thérèse,kgilchristlp@unesco.org,Female
Angélique,gbugbeelq@hao123.com,Female
Amélie,glaiselr@japanpost.jp,Male
Mélanie,mstanbrols@home.pl,Male
Desirée,cswettlt@engadget.com,Male
Eugénie,henochssonlu@is.gd,Male
Océanne,splampinlv@aboutads.info,Male
Esbjörn,tmaneslw@wikipedia.org,Male
Táng,rwreffordlx@indiegogo.com,Female
Daphnée,hnoadesly@flickr.com,Female
Andrée,ckilliamlz@delicious.com,Female
Gisèle,wkleinpeltzm0@cbc.ca,Female
Maëlann,jyitzhakm1@ted.com,Female
Intéressant,bgiorgionem2@cnet.com,Female
Pélagie,scranmorm3@state.tx.us,Female
Inès,jlambalm4@sohu.com,Male
Uò,csaggersm5@google.co.uk,Male
Léane,hstoodm6@smugmug.com,Female
Audréanne,vlippiettm7@1688.com,Male
Thérèsa,cellamsm8@hp.com,Male
Audréanne,gboodellm9@aol.com,Male
Björn,esimonianma@earthlink.net,Male
Fèi,cmowdaymb@nifty.com,Male
Tú,fgreschikmc@tripod.com,Female
Åke,sblakesleymd@fema.gov,Male
Lucrèce,wmackernessme@yahoo.co.jp,Female
Adélie,gtalmf@bbc.co.uk,Male
Liè,ntheodorismg@yandex.ru,Polygender
Renée,oheballmh@linkedin.com,Male
Josée,jyakubovichmi@is.gd,Female
Françoise,swillmanmj@telegraph.co.uk,Male
Marylène,brulfmk@blog.com,Bigender
Fèi,eclayfieldml@ycombinator.com,Female
Léana,btantimm@dot.gov,Female
Amélie,mbougourdmn@networkadvertising.org,Female
Maëline,fmunbymo@homestead.com,Male
Néhémie,snorhenymp@eepurl.com,Male
Anaël,gfryemq@senate.gov,Genderfluid
Garçon,egreshammr@wikispaces.com,Male
Tú,twithnallms@google.com.hk,Non-binary
Lài,istreetermt@soup.io,Male
Andréanne,jturesmu@linkedin.com,Male
Daphnée,cizzatmv@rakuten.co.jp,Male
Annotée,mhollerinmw@europa.eu,Male
Maëlla,kclaypolemx@mysql.com,Female
Sélène,llawiemy@tuttocitta.it,Female
Yè,londrusekmz@mac.com,Female
Håkan,driccioppon0@google.com,Male
Kévina,mbickerstaffen1@shutterfly.com,Female
Maëlys,nbaudainn2@bbb.org,Female
Maëlann,mdurkinn3@wired.com,Female
Geneviève,lmessagen4@thetimes.co.uk,Female
Geneviève,gjessopen5@ow.ly,Female
Pål,cjurkiewiczn6@wiley.com,Male
Sélène,poxboroughn7@hhs.gov,Female
Wá,jdebrettn8@mail.ru,Female
Judicaël,ekillockn9@delicious.com,Male
Kallisté,mansettna@infoseek.co.jp,Male
Pélagie,lneisingnb@about.me,Female
Desirée,rvintnc@dedecms.com,Male
Mahélie,lbecksonnd@amazon.co.jp,Male
Lóng,gcreusne@virginia.edu,Female
Céline,esappellnf@ebay.co.uk,Male
Laïla,hadkinng@bigcartel.com,Male
Örjan,abutterfillnh@mozilla.com,Agender
Océanne,bmaldinni@wp.com,Female
Chloé,rlevittnj@umn.edu,Female
Desirée,javesonnk@amazon.com,Female
Véronique,ktivoliernl@youtu.be,Female
Dorothée,dcharletnm@pinterest.com,Male
Ruì,msavillnn@sphinn.com,Female
Judicaël,lkitchingno@youku.com,Male
Marie-thérèse,shaacknp@reuters.com,Female
Bénédicte,tgoodernq@wp.com,Male
Gwenaëlle,hsainznr@instagram.com,Female
Léana,jcordelettens@multiply.com,Male
Loïs,edergesnt@reference.com,Male
Erwéi,bdehnnu@so-net.ne.jp,Female
Nélie,ljessoppnv@arstechnica.com,Female
Marie-thérèse,wrangallnw@fema.gov,Female
Danièle,bandersonnx@myspace.com,Female
Lèi,mcaccavellany@wsj.com,Bigender
Östen,dangrocknz@xrea.com,Male
Simplifiés,lbuskeo0@cornell.edu,Female
Mahélie,fcasswello1@squidoo.com,Female
Cloé,stripneyo2@macromedia.com,Female
Cinéma,ibrauntono3@rakuten.co.jp,Male
Magdalène,srachero4@clickbank.net,Female
Renée,ndaldano5@ft.com,Female
Yóu,rmorillao6@mozilla.com,Male
Océane,kkiesselo7@reddit.com,Male
Gaëlle,pcoventryo8@diigo.com,Male
Ruì,jdombrello9@comsenz.com,Female
Lóng,gkeslakeoa@china.com.cn,Female
Rébecca,fbezarraob@list-manage.com,Genderqueer
Rachèle,mwiddocksoc@squarespace.com,Female
Yénora,psyderod@issuu.com,Male
Maëlle,bbendalloe@usnews.com,Female
Séverine,bmcauliffeof@goo.ne.jp,Male
Loïc,kpreeog@ebay.co.uk,Female
Méghane,mokenfoldoh@admin.ch,Female
Tú,mfursseoi@hao123.com,Polygender
Vérane,dsimpoleoj@w3.org,Female
Gösta,tgunnellok@ed.gov,Male
Léonie,csivillsol@yale.edu,Genderqueer
Pélagie,kmiroyom@instagram.com,Female
Esbjörn,atrobeon@amazon.co.uk,Male
Yú,krembaudoo@mozilla.org,Genderfluid
Méng,tbrownbillop@virginia.edu,Male
Göran,shariotoq@who.int,Bigender
Naéva,fdodgshunor@sourceforge.net,Male
Maïlys,bcarlileos@admin.ch,Male
Håkan,sgianniniot@census.gov,Female
Garçon,sdautryou@howstuffworks.com,Female
Mén,mfierroov@wp.com,Male
Gösta,cgribbellow@digg.com,Female
Médiamass,amattiazzoox@independent.co.uk,Non-binary
Marie-thérèse,aaddicoteoy@ning.com,Male
Vénus,gdipietrooz@ibm.com,Female
Dà,mlambollp0@opera.com,Male
Thérèsa,cterrisp1@marketwatch.com,Female
Edmée,ifrickp2@trellian.com,Male
Gaëlle,smahareyp3@thetimes.co.uk,Male
Yénora,beslerp4@themeforest.net,Male
Görel,dspurdonp5@nydailynews.com,Female
Angèle,drobunp6@springer.com,Male
Cécilia,ejaycockp7@yahoo.com,Non-binary
Mélys,delcottp8@princeton.edu,Female
Célia,mwoodcraftp9@vk.com,Female
Publicité,wzelnerpa@who.int,Male
Mélanie,mhennigerpb@stumbleupon.com,Male
Faîtes,nfrodsampc@reference.com,Female
Gaïa,rmugridgepd@usa.gov,Male
Esbjörn,cengelmannpe@trellian.com,Male
Adélaïde,mfurzeypf@google.es,Female
Lén,amackeanpg@is.gd,Male
Eugénie,gbertelsenph@dropbox.com,Female
Fèi,wchealespi@google.co.jp,Female
Marie-ève,tsegotpj@meetup.com,Male
Rébecca,cmaccallampk@cnet.com,Female
Inès,kdovestonpl@boston.com,Male
Nadège,ibortonpm@usa.gov,Genderfluid
Lài,rkonertpn@hexun.com,Male
Nélie,gtildesleypo@merriam-webster.com,Female
Audréanne,bdurbinpp@so-net.ne.jp,Male
Publicité,sgeorgeonpq@biglobe.ne.jp,Male
Andréa,ddugdalepr@baidu.com,Male
Personnalisée,cbroomerps@zdnet.com,Female
Åsa,ccastanonept@spotify.com,Female
Cunégonde,bfrandsenpu@wiley.com,Male
Géraldine,jsambiedgepv@hatena.ne.jp,Genderqueer
Mélinda,ohanscombpw@hhs.gov,Male
Adèle,abonsallpx@gov.uk,Female
Loïs,ebedbroughpy@blogspot.com,Female
Björn,mserridgepz@cbslocal.com,Agender
Marlène,cfoucardq0@wikia.com,Female
Ráo,cjoanicq1@japanpost.jp,Male
Maëline,gbeachq2@cam.ac.uk,Male
Vérane,mberndsenq3@privacy.gov.au,Male
Örjan,arosbothamq4@globo.com,Female
Léone,jshrimplingq5@unblog.fr,Male
Salomé,atyroneq6@nps.gov,Female
Léane,kmackayq7@youtube.com,Female
Audréanne,rrubinowitzq8@si.edu,Female
Desirée,gswithenbyq9@cafepress.com,Female
Yáo,croubyqa@tinypic.com,Male
Salomé,slantqb@nba.com,Male
Gérald,blodekeqc@pagesperso-orange.fr,Female
Cunégonde,mbourgetqd@miibeian.gov.cn,Female
Faîtes,celixqe@tuttocitta.it,Female
Célestine,gtamesqf@wp.com,Female
Aloïs,mpenhallqg@admin.ch,Male
Bérangère,lorthmannqh@stumbleupon.com,Female
Börje,btoppingqi@shop-pro.jp,Male
Marlène,dfeldmannqj@about.me,Female
Maëlann,yfrowenqk@blogs.com,Male
Cléopatre,lprozesckyql@yellowbook.com,Male
Esbjörn,adecastelainqm@cyberchimps.com,Bigender
Thérèse,aministerqn@psu.edu,Female
Pål,kortigerqo@paypal.com,Male
Pål,htoolanqp@blogspot.com,Non-binary
Marie-thérèse,cphippardqq@sfgate.com,Male
Maëlann,ooleszcukqr@blogger.com,Female
Agnès,ggrenvilleqs@unblog.fr,Female
Céline,kmurtaghqt@engadget.com,Male
Andréa,hactonqu@patch.com,Male
Naëlle,lerangyqv@ifeng.com,Female
Yóu,wkernerqw@cyberchimps.com,Female
Annotée,sgawkesqx@ucoz.com,Female
Illustrée,rsommerlinqy@parallels.com,Male
Océane,wgeeqz@bandcamp.com,Male
Gaétane,jebblesr0@theglobeandmail.com,Female
Vénus,brawllr1@51.la,Female
Publicité,kassandrir2@123-reg.co.uk,Female
Alizée,rkeninghamr3@mozilla.org,Female
Loïs,jpagelsenr4@meetup.com,Male
Rébecca,etinkr5@who.int,Male
Táng,hmcpeaker6@nifty.com,Female
Mårten,nwinserr7@google.com.br,Female
Lèi,nscalesr8@discuz.net,Polygender
Gaétane,ehachetter9@indiegogo.com,Bigender
Valérie,sarpinra@comsenz.com,Male
Maïlys,nsighardrb@mapquest.com,Female
Adélaïde,wbodicumrc@dyndns.org,Agender
Pélagie,mhearfieldrd@gnu.org,Female
Marie-hélène,bdrakersre@hao123.com,Female
Néhémie,msuerorf@nydailynews.com,Genderfluid
Almérinda,wbaumertrg@stanford.edu,Female
Maéna,mmantonrh@liveinternet.ru,Female
Östen,keastesri@networksolutions.com,Male
Björn,mponcefordrj@pcworld.com,Male
Maïwenn,ecoulthurstrk@studiopress.com,Female
Lén,ggledstanerl@jiathis.com,Male
Françoise,bsterryrm@t.co,Female
Maëlla,dhayrn@163.com,Female
Clémence,fparadisro@wordpress.org,Female
Clémence,eaubinrp@economist.com,Female
Thérèse,dmcmenamyrq@ning.com,Female
Intéressant,gtrevaskusrr@booking.com,Male
